{"basal_M": {"value": -11.939247763448272, "deriv": -2780614799.299999}, "basal_sd": {"value": 0.357636965712853, "deriv": -198477359.3499993}, "exp_m": {"value": -12.69434911206775, "deriv": 593028227.5499996}, "exp_sd": {"value": 1.76134389916253, "deriv": -38895941.19999984}, "basal_homo": {"value": 0.6551667536242811, "deriv": 32816812.650000136}, "exp_homo": {"value": 0.35884205447948364, "deriv": -203635776.05000004}, "shape_death": {"value": -2.8418475874452165, "deriv": 643556810.8999991}}